income_band,n,prop
High (≥$100k),6089,0.41108560626519036
Low (<$40k),3069,0.20719686740480692
Middle ($40k–$100k),5654,0.3817175263300027
