model,rmse_log,mae_log,rmse_income,mae_income
random_forest,0.7862597315655758,0.5617469370663037,95706.95055575622,53570.51850883477
