model,rmse_log,mae_log
basic_linear_model,0.8663688463466781,0.6169805707983544
