GVIF,Df,GVIF^(1/(2*Df)),variable
4.56109106671998,1,2.1356711045289676,AGEP
1.03808234301662,1,1.0188632602153342,SEX
1.2489609841748135,8,1.013991476751173,RAC1P
3.0090112691935627,4,1.1476328651241836,MAR
7.8826877138293705,24,1.0439524432302587,SCHL
9.787602845143747,5,1.2562255838645926,ESR
1.6409584457896809,1,1.2809990030400809,NP
1.4251418521994759,3,1.0608232161224131,TEN
1.347351321578859,1,1.1607546345282707,VEH
1.1925439022415079,1,1.092036584662578,DIS
