SEX,n,mean_val,med_val,q1_val,q3_val
1,7432,114802.68245425189,86000,49000,142000
2,7475,106232.2022742475,79800,41800,135000
