DIS,n,mean_val,med_val,q1_val,q3_val
1,1997,75108.03605408112,51800,25200,93000
2,12910,115980.51897753679,88200,50000,145000
