model,rmse_log,mae_log
random_forest,0.8501821814139803,0.5928917665333209
