model,rmse_log,mae_log
lasso,0.8537914089573229,0.6077719075315695
