model,rmse_log,mae_log
full_linear_model,0.8528049266772387,0.6075965012933712
